{
  "unique_visitors": 27,
  "transactions": 24,
  "conversion_rate": 88.88888888888889,
  "total_revenue": 34331.709999999985,
  "average_order_value": 1430.487916666666
}