{
  "total_transactions": 24,
  "total_revenue": 34331.709999999985,
  "average_order_value": 1430.487916666666,
  "total_items_sold": 117,
  "duplicate_line_count": 0
}